<library path="lib/liblegged_controllers">

    <class name="legged/LeggedController" type="legged::LeggedController"
           base_class_type="controller_interface::ControllerBase">
        <description>
            The basic legged controller.
        </description>
    </class>

    <class name="legged/LeggedCheaterController" type="legged::LeggedCheaterController"
           base_class_type="controller_interface::ControllerBase">
        <description>
            The basic legged controller with cheat state estimator
        </description>
    </class>
</library>
